URL,Dernière exploration,État
https://natureclean.fr/blog/nettoyage-apres-sinistre,1970-01-01,En cours de traitement
https://natureclean.fr/nettoyage-coproprietes-hyeres,1970-01-01,En cours de traitement
https://natureclean.fr/nettoyage-fin-chantier-frejus,1970-01-01,En cours de traitement
https://natureclean.fr/nettoyage-particuliers-cassis,1970-01-01,En cours de traitement
https://natureclean.fr/nettoyage-coproprietes-aubagne,1970-01-01,En cours de traitement
https://natureclean.fr/nettoyage-coproprietes-allauch,1970-01-01,En cours de traitement
https://natureclean.fr/services/nettoyage-coproprietes,1970-01-01,En cours de traitement
https://natureclean.fr/services/nettoyage-evenementiel,1970-01-01,En cours de traitement
https://natureclean.fr/nettoyage-coproprietes-la-ciotat,1970-01-01,En cours de traitement
https://natureclean.fr/nettoyage-evenementiel-mandelieu,1970-01-01,En cours de traitement
https://natureclean.fr/services/nettoyage-gros-chantiers,1970-01-01,En cours de traitement
https://natureclean.fr/nettoyage-commerces-cagnes-sur-mer,1970-01-01,En cours de traitement
https://natureclean.fr/nettoyage-bureaux-sophia-antipolis,1970-01-01,En cours de traitement
https://natureclean.fr/blog/normes-nettoyage-chantier-2025,1970-01-01,En cours de traitement
https://natureclean.fr/nettoyage-coproprietes-plan-de-cuques,1970-01-01,En cours de traitement
https://natureclean.fr/nettoyage-commerces-saint-laurent-du-var,1970-01-01,En cours de traitement
https://natureclean.fr/nettoyage-coproprietes-villeneuve-loubet,1970-01-01,En cours de traitement
https://natureclean.fr/blog,1970-01-01,En cours de traitement
https://natureclean.fr/a-propos,1970-01-01,En cours de traitement
https://natureclean.fr/services,1970-01-01,En cours de traitement
https://natureclean.fr/actualites,1970-01-01,En cours de traitement
https://natureclean.fr/realisations,1970-01-01,En cours de traitement
https://natureclean.fr/nettoyage-vitre-antibes,1970-01-01,En cours de traitement
https://natureclean.fr/nettoyage-bureaux-cannes,1970-01-01,En cours de traitement
https://natureclean.fr/nettoyage-bureaux-mougins,1970-01-01,En cours de traitement
https://natureclean.fr/services/remise-etat-sols,1970-01-01,En cours de traitement
https://natureclean.fr/services/entretien-bureaux,1970-01-01,En cours de traitement
https://natureclean.fr/services/nettoyage-diogene,1970-01-01,En cours de traitement
https://natureclean.fr/nettoyage-fin-chantier-nice,1970-01-01,En cours de traitement
https://natureclean.fr/politique-de-confidentialite,1970-01-01,En cours de traitement
https://natureclean.fr/services/nettoyage-commerces,1970-01-01,En cours de traitement
https://natureclean.fr/services/nettoyage-chantiers,1970-01-01,En cours de traitement
https://natureclean.fr/services/nettoyage-graffitis,1970-01-01,En cours de traitement
https://natureclean.fr/blog/nettoyage-ecologique-produits-bio-entreprise,1970-01-01,En cours de traitement